{
	"pattrstorage" : 	{
		"name" : "oual_qroccss",
		"slots" : 		{
			"1" : 			{
				"id" : 1,
				"data" : 				{
					"state[10]" : [ 0.0 ],
					"state[1]" : [ 1.0 ],
					"state[2]" : [ 0.0 ],
					"state[3]" : [ 0.0 ],
					"state[4]" : [ 0.0 ],
					"state[5]" : [ 0.0 ],
					"state[6]" : [ 0.0 ],
					"state[7]" : [ 0.0 ],
					"state[8]" : [ 0.0 ],
					"state[9]" : [ 0.0 ],
					"soundfiles::sound_folder" : [ "local" ],
					"voice_ui[1]::sound" : [ "snd_oual.2" ],
					"voice_ui[1]::am" : [ 0.0 ],
					"voice_ui[1]::crush" : [ 0.0 ],
					"voice_ui[1]::drive" : [ 0.0 ],
					"voice_ui[1]::rand_pos" : [ 0.0 ],
					"voice_ui[1]::srr" : [ 0.0 ],
					"voice_ui[1]::transpose" : [ 0.0 ],
					"voice_ui[1]::position" : [ 0.114411764705882, 0.34136690647482 ],
					"voice_ui[1]::start_end" : [ 0.386778871846943, 0.400429871205643 ],
					"voice_ui[2]::sound" : [ "snd_oual.1" ],
					"voice_ui[2]::am" : [ 0.0 ],
					"voice_ui[2]::crush" : [ 0.0 ],
					"voice_ui[2]::drive" : [ 0.0 ],
					"voice_ui[2]::rand_pos" : [ 0.0 ],
					"voice_ui[2]::srr" : [ 0.0 ],
					"voice_ui[2]::transpose" : [ 0.0 ],
					"voice_ui[2]::position" : [ 0.489314928425358, 0.347841726618705 ],
					"voice_ui[2]::start_end" : [ 0.0, 1.0 ],
					"voice_ui[4]::sound" : [ "snd_oual.1" ],
					"voice_ui[4]::am" : [ 0.0 ],
					"voice_ui[4]::crush" : [ 0.0 ],
					"voice_ui[4]::drive" : [ 0.0 ],
					"voice_ui[4]::rand_pos" : [ 0.0 ],
					"voice_ui[4]::srr" : [ 0.0 ],
					"voice_ui[4]::transpose" : [ 0.0 ],
					"voice_ui[4]::position" : [ 0.7, 0.25 ],
					"voice_ui[4]::start_end" : [ 0.0, 1.0 ],
					"voice_ui[3]::sound" : [ "snd_oual.1" ],
					"voice_ui[3]::am" : [ 0.0 ],
					"voice_ui[3]::crush" : [ 0.0 ],
					"voice_ui[3]::drive" : [ 0.0 ],
					"voice_ui[3]::rand_pos" : [ 0.0 ],
					"voice_ui[3]::srr" : [ 0.0 ],
					"voice_ui[3]::transpose" : [ 0.0 ],
					"voice_ui[3]::position" : [ 0.570910020449898, 0.454676258992806 ],
					"voice_ui[3]::start_end" : [ 0.0, 1.0 ],
					"voice_ui[5]::sound" : [ "snd_oual.1" ],
					"voice_ui[5]::am" : [ 0.0 ],
					"voice_ui[5]::crush" : [ 0.0 ],
					"voice_ui[5]::drive" : [ 0.0 ],
					"voice_ui[5]::rand_pos" : [ 0.0 ],
					"voice_ui[5]::srr" : [ 0.0 ],
					"voice_ui[5]::transpose" : [ 0.0 ],
					"voice_ui[5]::position" : [ 0.9, 0.25 ],
					"voice_ui[5]::start_end" : [ 0.0, 1.0 ],
					"voice_ui[6]::sound" : [ "snd_oual.1" ],
					"voice_ui[6]::am" : [ 0.0 ],
					"voice_ui[6]::crush" : [ 0.0 ],
					"voice_ui[6]::drive" : [ 0.0 ],
					"voice_ui[6]::rand_pos" : [ 0.0 ],
					"voice_ui[6]::srr" : [ 0.0 ],
					"voice_ui[6]::transpose" : [ 0.0 ],
					"voice_ui[6]::position" : [ 0.1, 0.75 ],
					"voice_ui[6]::start_end" : [ 0.0, 1.0 ],
					"voice_ui[7]::sound" : [ "snd_oual.1" ],
					"voice_ui[7]::am" : [ 0.0 ],
					"voice_ui[7]::crush" : [ 0.0 ],
					"voice_ui[7]::drive" : [ 0.0 ],
					"voice_ui[7]::rand_pos" : [ 0.0 ],
					"voice_ui[7]::srr" : [ 0.0 ],
					"voice_ui[7]::transpose" : [ 0.0 ],
					"voice_ui[7]::position" : [ 0.3, 0.75 ],
					"voice_ui[7]::start_end" : [ 0.0, 1.0 ],
					"voice_ui[8]::sound" : [ "snd_oual.1" ],
					"voice_ui[8]::am" : [ 0.0 ],
					"voice_ui[8]::crush" : [ 0.0 ],
					"voice_ui[8]::drive" : [ 0.0 ],
					"voice_ui[8]::rand_pos" : [ 0.0 ],
					"voice_ui[8]::srr" : [ 0.0 ],
					"voice_ui[8]::transpose" : [ 0.0 ],
					"voice_ui[8]::position" : [ 0.5, 0.75 ],
					"voice_ui[8]::start_end" : [ 0.0, 1.0 ],
					"voice_ui[9]::sound" : [ "snd_oual.1" ],
					"voice_ui[9]::am" : [ 0.0 ],
					"voice_ui[9]::crush" : [ 0.0 ],
					"voice_ui[9]::drive" : [ 0.0 ],
					"voice_ui[9]::rand_pos" : [ 0.0 ],
					"voice_ui[9]::srr" : [ 0.0 ],
					"voice_ui[9]::transpose" : [ 0.0 ],
					"voice_ui[9]::position" : [ 0.7, 0.75 ],
					"voice_ui[9]::start_end" : [ 0.0, 1.0 ],
					"voice_ui[10]::sound" : [ "snd_oual.1" ],
					"voice_ui[10]::am" : [ 0.0 ],
					"voice_ui[10]::crush" : [ 0.0 ],
					"voice_ui[10]::drive" : [ 0.0 ],
					"voice_ui[10]::rand_pos" : [ 0.0 ],
					"voice_ui[10]::srr" : [ 0.0 ],
					"voice_ui[10]::transpose" : [ 0.0 ],
					"voice_ui[10]::position" : [ 0.9, 0.75 ],
					"voice_ui[10]::start_end" : [ 0.0, 1.0 ]
				}

			}
,
			"2" : 			{
				"id" : 2,
				"data" : 				{
					"state[10]" : [ 0.0 ],
					"state[1]" : [ 1.0 ],
					"state[2]" : [ 1.0 ],
					"state[3]" : [ 0.0 ],
					"state[4]" : [ 0.0 ],
					"state[5]" : [ 0.0 ],
					"state[6]" : [ 0.0 ],
					"state[7]" : [ 0.0 ],
					"state[8]" : [ 0.0 ],
					"state[9]" : [ 1.0 ],
					"soundfiles::sound_folder" : [ "local" ],
					"voice_ui[1]::sound" : [ "snd_oual.2" ],
					"voice_ui[1]::am" : [ 0.0 ],
					"voice_ui[1]::crush" : [ 0.0 ],
					"voice_ui[1]::drive" : [ 0.0 ],
					"voice_ui[1]::rand_pos" : [ 0.0 ],
					"voice_ui[1]::srr" : [ 0.0 ],
					"voice_ui[1]::transpose" : [ 0.0 ],
					"voice_ui[1]::position" : [ 0.125588235294118, 0.63273381294964 ],
					"voice_ui[1]::start_end" : [ 0.49624906477127, 2.558785805899957 ],
					"voice_ui[2]::sound" : [ "snd_oual.1" ],
					"voice_ui[2]::am" : [ 0.0 ],
					"voice_ui[2]::crush" : [ 0.0 ],
					"voice_ui[2]::drive" : [ 0.0 ],
					"voice_ui[2]::rand_pos" : [ 0.0 ],
					"voice_ui[2]::srr" : [ 0.0 ],
					"voice_ui[2]::transpose" : [ 0.0 ],
					"voice_ui[2]::position" : [ 0.530735294117647, 0.490287769784173 ],
					"voice_ui[2]::start_end" : [ 0.0, 1.0 ],
					"voice_ui[4]::sound" : [ "snd_oual.1" ],
					"voice_ui[4]::am" : [ 0.0 ],
					"voice_ui[4]::crush" : [ 0.0 ],
					"voice_ui[4]::drive" : [ 0.0 ],
					"voice_ui[4]::rand_pos" : [ 0.0 ],
					"voice_ui[4]::srr" : [ 0.0 ],
					"voice_ui[4]::transpose" : [ 0.0 ],
					"voice_ui[4]::position" : [ 0.7, 0.25 ],
					"voice_ui[4]::start_end" : [ 0.0, 1.0 ],
					"voice_ui[3]::sound" : [ "snd_oual.1" ],
					"voice_ui[3]::am" : [ 0.0 ],
					"voice_ui[3]::crush" : [ 0.0 ],
					"voice_ui[3]::drive" : [ 0.0 ],
					"voice_ui[3]::rand_pos" : [ 0.0 ],
					"voice_ui[3]::srr" : [ 0.0 ],
					"voice_ui[3]::transpose" : [ 0.0 ],
					"voice_ui[3]::position" : [ 0.502794117647059, 0.134172661870504 ],
					"voice_ui[3]::start_end" : [ 0.0, 1.0 ],
					"voice_ui[5]::sound" : [ "snd_oual.1" ],
					"voice_ui[5]::am" : [ 0.0 ],
					"voice_ui[5]::crush" : [ 0.0 ],
					"voice_ui[5]::drive" : [ 0.0 ],
					"voice_ui[5]::rand_pos" : [ 0.0 ],
					"voice_ui[5]::srr" : [ 0.0 ],
					"voice_ui[5]::transpose" : [ 0.0 ],
					"voice_ui[5]::position" : [ 0.9, 0.25 ],
					"voice_ui[5]::start_end" : [ 0.0, 1.0 ],
					"voice_ui[6]::sound" : [ "snd_oual.1" ],
					"voice_ui[6]::am" : [ 0.0 ],
					"voice_ui[6]::crush" : [ 0.0 ],
					"voice_ui[6]::drive" : [ 0.0 ],
					"voice_ui[6]::rand_pos" : [ 0.0 ],
					"voice_ui[6]::srr" : [ 0.0 ],
					"voice_ui[6]::transpose" : [ 0.0 ],
					"voice_ui[6]::position" : [ 0.1, 0.75 ],
					"voice_ui[6]::start_end" : [ 0.0, 1.0 ],
					"voice_ui[7]::sound" : [ "snd_oual.1" ],
					"voice_ui[7]::am" : [ 0.0 ],
					"voice_ui[7]::crush" : [ 0.0 ],
					"voice_ui[7]::drive" : [ 0.0 ],
					"voice_ui[7]::rand_pos" : [ 0.0 ],
					"voice_ui[7]::srr" : [ 0.0 ],
					"voice_ui[7]::transpose" : [ 0.0 ],
					"voice_ui[7]::position" : [ 0.3, 0.75 ],
					"voice_ui[7]::start_end" : [ 0.0, 1.0 ],
					"voice_ui[8]::sound" : [ "snd_oual.1" ],
					"voice_ui[8]::am" : [ 0.0 ],
					"voice_ui[8]::crush" : [ 0.0 ],
					"voice_ui[8]::drive" : [ 0.0 ],
					"voice_ui[8]::rand_pos" : [ 0.0 ],
					"voice_ui[8]::srr" : [ 0.0 ],
					"voice_ui[8]::transpose" : [ 0.0 ],
					"voice_ui[8]::position" : [ 0.5, 0.75 ],
					"voice_ui[8]::start_end" : [ 0.0, 1.0 ],
					"voice_ui[9]::sound" : [ "snd_oual.1" ],
					"voice_ui[9]::am" : [ 0.0 ],
					"voice_ui[9]::crush" : [ 0.0 ],
					"voice_ui[9]::drive" : [ 0.0 ],
					"voice_ui[9]::rand_pos" : [ 0.0 ],
					"voice_ui[9]::srr" : [ 0.0 ],
					"voice_ui[9]::transpose" : [ 0.0 ],
					"voice_ui[9]::position" : [ 0.7, 0.75 ],
					"voice_ui[9]::start_end" : [ 0.0, 1.0 ],
					"voice_ui[10]::sound" : [ "snd_oual.1" ],
					"voice_ui[10]::am" : [ 0.0 ],
					"voice_ui[10]::crush" : [ 0.0 ],
					"voice_ui[10]::drive" : [ 0.0 ],
					"voice_ui[10]::rand_pos" : [ 0.0 ],
					"voice_ui[10]::srr" : [ 0.0 ],
					"voice_ui[10]::transpose" : [ 0.0 ],
					"voice_ui[10]::position" : [ 0.9, 0.75 ],
					"voice_ui[10]::start_end" : [ 0.0, 1.0 ]
				}

			}
,
			"3" : 			{
				"id" : 3,
				"data" : 				{
					"state[10]" : [ 0.0 ],
					"state[1]" : [ 0.0 ],
					"state[2]" : [ 0.0 ],
					"state[3]" : [ 1.0 ],
					"state[4]" : [ 0.0 ],
					"state[5]" : [ 0.0 ],
					"state[6]" : [ 0.0 ],
					"state[7]" : [ 0.0 ],
					"state[8]" : [ 0.0 ],
					"state[9]" : [ 0.0 ],
					"soundfiles::sound_folder" : [ "local" ],
					"voice_ui[1]::sound" : [ "snd_oual.2" ],
					"voice_ui[1]::am" : [ 0.0 ],
					"voice_ui[1]::crush" : [ 0.0 ],
					"voice_ui[1]::drive" : [ 0.0 ],
					"voice_ui[1]::rand_pos" : [ 0.0 ],
					"voice_ui[1]::srr" : [ 0.0 ],
					"voice_ui[1]::transpose" : [ 0.0 ],
					"voice_ui[1]::position" : [ 0.125588235294118, 0.63273381294964 ],
					"voice_ui[1]::start_end" : [ 0.49624906477127, 2.558785805899957 ],
					"voice_ui[2]::sound" : [ "snd_oual.1" ],
					"voice_ui[2]::am" : [ 0.0 ],
					"voice_ui[2]::crush" : [ 0.0 ],
					"voice_ui[2]::drive" : [ 0.0 ],
					"voice_ui[2]::rand_pos" : [ 0.0 ],
					"voice_ui[2]::srr" : [ 0.0 ],
					"voice_ui[2]::transpose" : [ 0.0 ],
					"voice_ui[2]::position" : [ 0.530735294117647, 0.490287769784173 ],
					"voice_ui[2]::start_end" : [ 0.0, 1.0 ],
					"voice_ui[4]::sound" : [ "snd_oual.1" ],
					"voice_ui[4]::am" : [ 0.0 ],
					"voice_ui[4]::crush" : [ 0.0 ],
					"voice_ui[4]::drive" : [ 0.0 ],
					"voice_ui[4]::rand_pos" : [ 0.0 ],
					"voice_ui[4]::srr" : [ 0.0 ],
					"voice_ui[4]::transpose" : [ 0.0 ],
					"voice_ui[4]::position" : [ 0.7, 0.25 ],
					"voice_ui[4]::start_end" : [ 0.0, 1.0 ],
					"voice_ui[3]::sound" : [ "snd_oual.1" ],
					"voice_ui[3]::am" : [ 0.0 ],
					"voice_ui[3]::crush" : [ 0.0 ],
					"voice_ui[3]::drive" : [ 0.0 ],
					"voice_ui[3]::rand_pos" : [ 0.0 ],
					"voice_ui[3]::srr" : [ 0.0 ],
					"voice_ui[3]::transpose" : [ 0.0 ],
					"voice_ui[3]::position" : [ 0.502794117647059, 0.134172661870504 ],
					"voice_ui[3]::start_end" : [ 0.0, 1.0 ],
					"voice_ui[5]::sound" : [ "snd_oual.1" ],
					"voice_ui[5]::am" : [ 0.0 ],
					"voice_ui[5]::crush" : [ 0.0 ],
					"voice_ui[5]::drive" : [ 0.0 ],
					"voice_ui[5]::rand_pos" : [ 0.0 ],
					"voice_ui[5]::srr" : [ 0.0 ],
					"voice_ui[5]::transpose" : [ 0.0 ],
					"voice_ui[5]::position" : [ 0.9, 0.25 ],
					"voice_ui[5]::start_end" : [ 0.0, 1.0 ],
					"voice_ui[6]::sound" : [ "snd_oual.1" ],
					"voice_ui[6]::am" : [ 0.0 ],
					"voice_ui[6]::crush" : [ 0.0 ],
					"voice_ui[6]::drive" : [ 0.0 ],
					"voice_ui[6]::rand_pos" : [ 0.0 ],
					"voice_ui[6]::srr" : [ 0.0 ],
					"voice_ui[6]::transpose" : [ 0.0 ],
					"voice_ui[6]::position" : [ 0.1, 0.75 ],
					"voice_ui[6]::start_end" : [ 0.0, 1.0 ],
					"voice_ui[7]::sound" : [ "snd_oual.1" ],
					"voice_ui[7]::am" : [ 0.0 ],
					"voice_ui[7]::crush" : [ 0.0 ],
					"voice_ui[7]::drive" : [ 0.0 ],
					"voice_ui[7]::rand_pos" : [ 0.0 ],
					"voice_ui[7]::srr" : [ 0.0 ],
					"voice_ui[7]::transpose" : [ 0.0 ],
					"voice_ui[7]::position" : [ 0.3, 0.75 ],
					"voice_ui[7]::start_end" : [ 0.0, 1.0 ],
					"voice_ui[8]::sound" : [ "snd_oual.1" ],
					"voice_ui[8]::am" : [ 0.0 ],
					"voice_ui[8]::crush" : [ 0.0 ],
					"voice_ui[8]::drive" : [ 0.0 ],
					"voice_ui[8]::rand_pos" : [ 0.0 ],
					"voice_ui[8]::srr" : [ 0.0 ],
					"voice_ui[8]::transpose" : [ 0.0 ],
					"voice_ui[8]::position" : [ 0.5, 0.75 ],
					"voice_ui[8]::start_end" : [ 0.0, 1.0 ],
					"voice_ui[9]::sound" : [ "snd_oual.1" ],
					"voice_ui[9]::am" : [ 0.0 ],
					"voice_ui[9]::crush" : [ 0.0 ],
					"voice_ui[9]::drive" : [ 0.0 ],
					"voice_ui[9]::rand_pos" : [ 0.0 ],
					"voice_ui[9]::srr" : [ 0.0 ],
					"voice_ui[9]::transpose" : [ 0.0 ],
					"voice_ui[9]::position" : [ 0.7, 0.75 ],
					"voice_ui[9]::start_end" : [ 0.0, 1.0 ],
					"voice_ui[10]::sound" : [ "snd_oual.1" ],
					"voice_ui[10]::am" : [ 0.0 ],
					"voice_ui[10]::crush" : [ 0.0 ],
					"voice_ui[10]::drive" : [ 0.0 ],
					"voice_ui[10]::rand_pos" : [ 0.0 ],
					"voice_ui[10]::srr" : [ 0.0 ],
					"voice_ui[10]::transpose" : [ 0.0 ],
					"voice_ui[10]::position" : [ 0.9, 0.75 ],
					"voice_ui[10]::start_end" : [ 0.0, 1.0 ]
				}

			}
,
			"4" : 			{
				"id" : 4,
				"data" : 				{
					"state[10]" : [ 0.0 ],
					"state[1]" : [ 1.0 ],
					"state[2]" : [ 0.0 ],
					"state[3]" : [ 0.0 ],
					"state[4]" : [ 0.0 ],
					"state[5]" : [ 0.0 ],
					"state[6]" : [ 1.0 ],
					"state[7]" : [ 0.0 ],
					"state[8]" : [ 0.0 ],
					"state[9]" : [ 1.0 ],
					"soundfiles::sound_folder" : [ "local" ],
					"voice_ui[1]::sound" : [ "snd_oual.1" ],
					"voice_ui[1]::am" : [ 0.0 ],
					"voice_ui[1]::crush" : [ 0.0 ],
					"voice_ui[1]::drive" : [ 0.0 ],
					"voice_ui[1]::rand_pos" : [ 0.0 ],
					"voice_ui[1]::srr" : [ 0.0 ],
					"voice_ui[1]::transpose" : [ 0.0 ],
					"voice_ui[1]::position" : [ 0.131176470588235, 0.289568345323741 ],
					"voice_ui[1]::start_end" : [ 0.0, 0.2 ],
					"voice_ui[2]::sound" : [ "snd_oual.1" ],
					"voice_ui[2]::am" : [ 0.0 ],
					"voice_ui[2]::crush" : [ 0.0 ],
					"voice_ui[2]::drive" : [ 0.0 ],
					"voice_ui[2]::rand_pos" : [ 0.0 ],
					"voice_ui[2]::srr" : [ 0.0 ],
					"voice_ui[2]::transpose" : [ 0.0 ],
					"voice_ui[2]::position" : [ 0.3, 0.25 ],
					"voice_ui[2]::start_end" : [ 0.0, 0.2 ],
					"voice_ui[4]::sound" : [ "snd_oual.1" ],
					"voice_ui[4]::am" : [ 0.0 ],
					"voice_ui[4]::crush" : [ 0.0 ],
					"voice_ui[4]::drive" : [ 0.0 ],
					"voice_ui[4]::rand_pos" : [ 0.0 ],
					"voice_ui[4]::srr" : [ 0.0 ],
					"voice_ui[4]::transpose" : [ 0.0 ],
					"voice_ui[4]::position" : [ 0.7, 0.25 ],
					"voice_ui[4]::start_end" : [ 0.0, 0.2 ],
					"voice_ui[3]::sound" : [ "snd_oual.1" ],
					"voice_ui[3]::am" : [ 0.0 ],
					"voice_ui[3]::crush" : [ 0.0 ],
					"voice_ui[3]::drive" : [ 0.0 ],
					"voice_ui[3]::rand_pos" : [ 0.0 ],
					"voice_ui[3]::srr" : [ 0.0 ],
					"voice_ui[3]::transpose" : [ 0.0 ],
					"voice_ui[3]::position" : [ 0.5, 0.25 ],
					"voice_ui[3]::start_end" : [ 0.0, 0.2 ],
					"voice_ui[5]::sound" : [ "snd_oual.1" ],
					"voice_ui[5]::am" : [ 0.0 ],
					"voice_ui[5]::crush" : [ 0.0 ],
					"voice_ui[5]::drive" : [ 0.0 ],
					"voice_ui[5]::rand_pos" : [ 0.0 ],
					"voice_ui[5]::srr" : [ 0.0 ],
					"voice_ui[5]::transpose" : [ 0.0 ],
					"voice_ui[5]::position" : [ 0.9, 0.25 ],
					"voice_ui[5]::start_end" : [ 0.0, 0.2 ],
					"voice_ui[6]::sound" : [ "snd_oual.2" ],
					"voice_ui[6]::am" : [ 0.0 ],
					"voice_ui[6]::crush" : [ 0.0 ],
					"voice_ui[6]::drive" : [ 0.0 ],
					"voice_ui[6]::rand_pos" : [ 0.0 ],
					"voice_ui[6]::srr" : [ 0.0 ],
					"voice_ui[6]::transpose" : [ 0.0 ],
					"voice_ui[6]::position" : [ 0.57125, 0.574460431654676 ],
					"voice_ui[6]::start_end" : [ 0.0, 0.2 ],
					"voice_ui[7]::sound" : [ "snd_oual.1" ],
					"voice_ui[7]::am" : [ 0.0 ],
					"voice_ui[7]::crush" : [ 0.0 ],
					"voice_ui[7]::drive" : [ 0.0 ],
					"voice_ui[7]::rand_pos" : [ 0.0 ],
					"voice_ui[7]::srr" : [ 0.0 ],
					"voice_ui[7]::transpose" : [ 0.0 ],
					"voice_ui[7]::position" : [ 0.3, 0.75 ],
					"voice_ui[7]::start_end" : [ 0.0, 0.2 ],
					"voice_ui[8]::sound" : [ "snd_oual.1" ],
					"voice_ui[8]::am" : [ 0.0 ],
					"voice_ui[8]::crush" : [ 0.0 ],
					"voice_ui[8]::drive" : [ 0.0 ],
					"voice_ui[8]::rand_pos" : [ 0.0 ],
					"voice_ui[8]::srr" : [ 0.0 ],
					"voice_ui[8]::transpose" : [ 0.0 ],
					"voice_ui[8]::position" : [ 0.5, 0.75 ],
					"voice_ui[8]::start_end" : [ 0.0, 0.2 ],
					"voice_ui[9]::sound" : [ "snd_oual.1" ],
					"voice_ui[9]::am" : [ 0.0 ],
					"voice_ui[9]::crush" : [ 0.0 ],
					"voice_ui[9]::drive" : [ 0.0 ],
					"voice_ui[9]::rand_pos" : [ 0.0 ],
					"voice_ui[9]::srr" : [ 0.0 ],
					"voice_ui[9]::transpose" : [ 0.0 ],
					"voice_ui[9]::position" : [ 0.7, 0.75 ],
					"voice_ui[9]::start_end" : [ 0.0, 0.2 ],
					"voice_ui[10]::sound" : [ "snd_oual.1" ],
					"voice_ui[10]::am" : [ 0.0 ],
					"voice_ui[10]::crush" : [ 0.0 ],
					"voice_ui[10]::drive" : [ 0.0 ],
					"voice_ui[10]::rand_pos" : [ 0.0 ],
					"voice_ui[10]::srr" : [ 0.0 ],
					"voice_ui[10]::transpose" : [ 0.0 ],
					"voice_ui[10]::position" : [ 0.9, 0.75 ],
					"voice_ui[10]::start_end" : [ 0.0 ]
				}

			}
,
			"5" : 			{
				"id" : 5,
				"data" : 				{
					"state[10]" : [ 0.0 ],
					"state[1]" : [ 1.0 ],
					"state[2]" : [ 0.0 ],
					"state[3]" : [ 0.0 ],
					"state[4]" : [ 0.0 ],
					"state[5]" : [ 0.0 ],
					"state[6]" : [ 1.0 ],
					"state[7]" : [ 0.0 ],
					"state[8]" : [ 0.0 ],
					"state[9]" : [ 1.0 ],
					"soundfiles::sound_folder" : [ "T7:/Ableton/User Library/Samples/my_tracks/seven-spaces/stems/ND Vibra/" ],
					"voice_ui[1]::sound" : [ "snd_oual.1" ],
					"voice_ui[1]::am" : [ 0.0 ],
					"voice_ui[1]::crush" : [ 0.0 ],
					"voice_ui[1]::drive" : [ 0.0 ],
					"voice_ui[1]::rand_pos" : [ 0.0 ],
					"voice_ui[1]::srr" : [ 0.0 ],
					"voice_ui[1]::transpose" : [ 0.0 ],
					"voice_ui[1]::position" : [ 0.131176470588235, 0.289568345323741 ],
					"voice_ui[1]::start_end" : [ 0.0, 0.2 ],
					"voice_ui[2]::sound" : [ "snd_oual.1" ],
					"voice_ui[2]::am" : [ 0.0 ],
					"voice_ui[2]::crush" : [ 0.0 ],
					"voice_ui[2]::drive" : [ 0.0 ],
					"voice_ui[2]::rand_pos" : [ 0.0 ],
					"voice_ui[2]::srr" : [ 0.0 ],
					"voice_ui[2]::transpose" : [ 0.0 ],
					"voice_ui[2]::position" : [ 0.3, 0.25 ],
					"voice_ui[2]::start_end" : [ 0.0, 0.2 ],
					"voice_ui[4]::sound" : [ "snd_oual.1" ],
					"voice_ui[4]::am" : [ 0.0 ],
					"voice_ui[4]::crush" : [ 0.0 ],
					"voice_ui[4]::drive" : [ 0.0 ],
					"voice_ui[4]::rand_pos" : [ 0.0 ],
					"voice_ui[4]::srr" : [ 0.0 ],
					"voice_ui[4]::transpose" : [ 0.0 ],
					"voice_ui[4]::position" : [ 0.7, 0.25 ],
					"voice_ui[4]::start_end" : [ 0.0, 0.2 ],
					"voice_ui[3]::sound" : [ "snd_oual.1" ],
					"voice_ui[3]::am" : [ 0.0 ],
					"voice_ui[3]::crush" : [ 0.0 ],
					"voice_ui[3]::drive" : [ 0.0 ],
					"voice_ui[3]::rand_pos" : [ 0.0 ],
					"voice_ui[3]::srr" : [ 0.0 ],
					"voice_ui[3]::transpose" : [ 0.0 ],
					"voice_ui[3]::position" : [ 0.5, 0.25 ],
					"voice_ui[3]::start_end" : [ 0.0, 0.2 ],
					"voice_ui[5]::sound" : [ "snd_oual.1" ],
					"voice_ui[5]::am" : [ 0.0 ],
					"voice_ui[5]::crush" : [ 0.0 ],
					"voice_ui[5]::drive" : [ 0.0 ],
					"voice_ui[5]::rand_pos" : [ 0.0 ],
					"voice_ui[5]::srr" : [ 0.0 ],
					"voice_ui[5]::transpose" : [ 0.0 ],
					"voice_ui[5]::position" : [ 0.9, 0.25 ],
					"voice_ui[5]::start_end" : [ 0.0, 0.2 ],
					"voice_ui[6]::sound" : [ "snd_oual.2" ],
					"voice_ui[6]::am" : [ 0.0 ],
					"voice_ui[6]::crush" : [ 0.0 ],
					"voice_ui[6]::drive" : [ 0.0 ],
					"voice_ui[6]::rand_pos" : [ 0.0 ],
					"voice_ui[6]::srr" : [ 0.0 ],
					"voice_ui[6]::transpose" : [ 0.0 ],
					"voice_ui[6]::position" : [ 0.57125, 0.574460431654676 ],
					"voice_ui[6]::start_end" : [ 0.0, 0.2 ],
					"voice_ui[7]::sound" : [ "snd_oual.1" ],
					"voice_ui[7]::am" : [ 0.0 ],
					"voice_ui[7]::crush" : [ 0.0 ],
					"voice_ui[7]::drive" : [ 0.0 ],
					"voice_ui[7]::rand_pos" : [ 0.0 ],
					"voice_ui[7]::srr" : [ 0.0 ],
					"voice_ui[7]::transpose" : [ 0.0 ],
					"voice_ui[7]::position" : [ 0.3, 0.75 ],
					"voice_ui[7]::start_end" : [ 0.0, 0.2 ],
					"voice_ui[8]::sound" : [ "snd_oual.1" ],
					"voice_ui[8]::am" : [ 0.0 ],
					"voice_ui[8]::crush" : [ 0.0 ],
					"voice_ui[8]::drive" : [ 0.0 ],
					"voice_ui[8]::rand_pos" : [ 0.0 ],
					"voice_ui[8]::srr" : [ 0.0 ],
					"voice_ui[8]::transpose" : [ 0.0 ],
					"voice_ui[8]::position" : [ 0.5, 0.75 ],
					"voice_ui[8]::start_end" : [ 0.0, 0.2 ],
					"voice_ui[9]::sound" : [ "snd_oual.1" ],
					"voice_ui[9]::am" : [ 0.0 ],
					"voice_ui[9]::crush" : [ 0.0 ],
					"voice_ui[9]::drive" : [ 0.0 ],
					"voice_ui[9]::rand_pos" : [ 0.0 ],
					"voice_ui[9]::srr" : [ 0.0 ],
					"voice_ui[9]::transpose" : [ 0.0 ],
					"voice_ui[9]::position" : [ 0.7, 0.75 ],
					"voice_ui[9]::start_end" : [ 0.0, 0.2 ],
					"voice_ui[10]::sound" : [ "snd_oual.1" ],
					"voice_ui[10]::am" : [ 0.0 ],
					"voice_ui[10]::crush" : [ 0.0 ],
					"voice_ui[10]::drive" : [ 0.0 ],
					"voice_ui[10]::rand_pos" : [ 0.0 ],
					"voice_ui[10]::srr" : [ 0.0 ],
					"voice_ui[10]::transpose" : [ 0.0 ],
					"voice_ui[10]::position" : [ 0.9, 0.75 ],
					"voice_ui[10]::start_end" : [ 0.0 ]
				}

			}
,
			"6" : 			{
				"id" : 6,
				"data" : 				{
					"state[10]" : [ 0.0 ],
					"state[1]" : [ 0.0 ],
					"state[2]" : [ 0.0 ],
					"state[3]" : [ 0.0 ],
					"state[4]" : [ 0.0 ],
					"state[5]" : [ 0.0 ],
					"state[6]" : [ 0.0 ],
					"state[7]" : [ 0.0 ],
					"state[8]" : [ 1.0 ],
					"state[9]" : [ 0.0 ],
					"soundfiles::sound_folder" : [ "T7:/Ableton/User Library/Samples/my_tracks/seven-spaces/stems/ND Vibra/" ],
					"voice_ui[1]::sound" : [ "snd_oual.1" ],
					"voice_ui[1]::am" : [ 0.0 ],
					"voice_ui[1]::crush" : [ 0.0 ],
					"voice_ui[1]::drive" : [ 0.0 ],
					"voice_ui[1]::rand_pos" : [ 0.0 ],
					"voice_ui[1]::srr" : [ 0.0 ],
					"voice_ui[1]::transpose" : [ 0.0 ],
					"voice_ui[1]::position" : [ 0.448308823529412, 0.584172661870504 ],
					"voice_ui[1]::start_end" : [ 0.0, 0.2 ],
					"voice_ui[2]::sound" : [ "snd_oual.1" ],
					"voice_ui[2]::am" : [ 0.0 ],
					"voice_ui[2]::crush" : [ 0.0 ],
					"voice_ui[2]::drive" : [ 0.0 ],
					"voice_ui[2]::rand_pos" : [ 0.0 ],
					"voice_ui[2]::srr" : [ 0.0 ],
					"voice_ui[2]::transpose" : [ 0.0 ],
					"voice_ui[2]::position" : [ 0.255514705882353, 0.419064748201439 ],
					"voice_ui[2]::start_end" : [ 0.0, 0.2 ],
					"voice_ui[4]::sound" : [ "snd_oual.1" ],
					"voice_ui[4]::am" : [ 0.0 ],
					"voice_ui[4]::crush" : [ 0.0 ],
					"voice_ui[4]::drive" : [ 0.0 ],
					"voice_ui[4]::rand_pos" : [ 0.0 ],
					"voice_ui[4]::srr" : [ 0.0 ],
					"voice_ui[4]::transpose" : [ 0.0 ],
					"voice_ui[4]::position" : [ 0.7, 0.25 ],
					"voice_ui[4]::start_end" : [ 0.0, 0.2 ],
					"voice_ui[3]::sound" : [ "snd_oual.1" ],
					"voice_ui[3]::am" : [ 0.0 ],
					"voice_ui[3]::crush" : [ 0.0 ],
					"voice_ui[3]::drive" : [ 0.0 ],
					"voice_ui[3]::rand_pos" : [ 0.0 ],
					"voice_ui[3]::srr" : [ 0.0 ],
					"voice_ui[3]::transpose" : [ 0.0 ],
					"voice_ui[3]::position" : [ 0.5, 0.25 ],
					"voice_ui[3]::start_end" : [ 0.0, 0.2 ],
					"voice_ui[5]::sound" : [ "snd_oual.1" ],
					"voice_ui[5]::am" : [ 0.0 ],
					"voice_ui[5]::crush" : [ 0.0 ],
					"voice_ui[5]::drive" : [ 0.0 ],
					"voice_ui[5]::rand_pos" : [ 0.0 ],
					"voice_ui[5]::srr" : [ 0.0 ],
					"voice_ui[5]::transpose" : [ 0.0 ],
					"voice_ui[5]::position" : [ 0.9, 0.25 ],
					"voice_ui[5]::start_end" : [ 0.0, 0.2 ],
					"voice_ui[6]::sound" : [ "snd_oual.1" ],
					"voice_ui[6]::am" : [ 0.0 ],
					"voice_ui[6]::crush" : [ 0.0 ],
					"voice_ui[6]::drive" : [ 0.0 ],
					"voice_ui[6]::rand_pos" : [ 0.0 ],
					"voice_ui[6]::srr" : [ 0.0 ],
					"voice_ui[6]::transpose" : [ 0.0 ],
					"voice_ui[6]::position" : [ 0.1, 0.75 ],
					"voice_ui[6]::start_end" : [ 0.0, 0.2 ],
					"voice_ui[7]::sound" : [ "snd_oual.1" ],
					"voice_ui[7]::am" : [ 0.0 ],
					"voice_ui[7]::crush" : [ 0.0 ],
					"voice_ui[7]::drive" : [ 0.0 ],
					"voice_ui[7]::rand_pos" : [ 0.0 ],
					"voice_ui[7]::srr" : [ 0.0 ],
					"voice_ui[7]::transpose" : [ 0.0 ],
					"voice_ui[7]::position" : [ 0.3, 0.75 ],
					"voice_ui[7]::start_end" : [ 0.0, 0.2 ],
					"voice_ui[8]::sound" : [ "snd_oual.4" ],
					"voice_ui[8]::am" : [ 33.951267902535776 ],
					"voice_ui[8]::crush" : [ 0.006200012400025 ],
					"voice_ui[8]::drive" : [ 0.0 ],
					"voice_ui[8]::rand_pos" : [ 0.0 ],
					"voice_ui[8]::srr" : [ 0.0 ],
					"voice_ui[8]::transpose" : [ 7.559055118110225 ],
					"voice_ui[8]::position" : [ 0.873014705882353, 0.185971223021583 ],
					"voice_ui[8]::start_end" : [ 0.235294086936844, 0.243407681051346 ],
					"voice_ui[9]::sound" : [ "snd_oual.1" ],
					"voice_ui[9]::am" : [ 0.0 ],
					"voice_ui[9]::crush" : [ 0.0 ],
					"voice_ui[9]::drive" : [ 0.0 ],
					"voice_ui[9]::rand_pos" : [ 0.0 ],
					"voice_ui[9]::srr" : [ 0.0 ],
					"voice_ui[9]::transpose" : [ 0.0 ],
					"voice_ui[9]::position" : [ 0.7, 0.75 ],
					"voice_ui[9]::start_end" : [ 0.0, 0.2 ],
					"voice_ui[10]::sound" : [ "snd_oual.1" ],
					"voice_ui[10]::am" : [ 0.0 ],
					"voice_ui[10]::crush" : [ 0.0 ],
					"voice_ui[10]::drive" : [ 0.0 ],
					"voice_ui[10]::rand_pos" : [ 0.0 ],
					"voice_ui[10]::srr" : [ 0.0 ],
					"voice_ui[10]::transpose" : [ 0.0 ],
					"voice_ui[10]::position" : [ 0.9, 0.75 ],
					"voice_ui[10]::start_end" : [ 0.0, 0.2 ]
				}

			}
,
			"7" : 			{
				"id" : 7,
				"data" : 				{
					"state[10]" : [ 0.0 ],
					"state[1]" : [ 0.0 ],
					"state[2]" : [ 1.0 ],
					"state[3]" : [ 0.0 ],
					"state[4]" : [ 1.0 ],
					"state[5]" : [ 0.0 ],
					"state[6]" : [ 0.0 ],
					"state[7]" : [ 0.0 ],
					"state[8]" : [ 1.0 ],
					"state[9]" : [ 0.0 ],
					"soundfiles::sound_folder" : [ "T7:/Ableton/User Library/Samples/my_tracks/seven-spaces/stems/ND Vibra/" ],
					"voice_ui[1]::sound" : [ "snd_oual.1" ],
					"voice_ui[1]::am" : [ 0.0 ],
					"voice_ui[1]::crush" : [ 0.0 ],
					"voice_ui[1]::drive" : [ 0.0 ],
					"voice_ui[1]::rand_pos" : [ 0.0 ],
					"voice_ui[1]::srr" : [ 0.0 ],
					"voice_ui[1]::transpose" : [ 0.0 ],
					"voice_ui[1]::position" : [ 0.173088235294118, 0.308992805755396 ],
					"voice_ui[1]::start_end" : [ 0.0, 0.2 ],
					"voice_ui[2]::sound" : [ "snd_oual.1" ],
					"voice_ui[2]::am" : [ 0.0 ],
					"voice_ui[2]::crush" : [ 0.0 ],
					"voice_ui[2]::drive" : [ 0.0 ],
					"voice_ui[2]::rand_pos" : [ 70.078740157480283 ],
					"voice_ui[2]::srr" : [ 0.0 ],
					"voice_ui[2]::transpose" : [ -9.070866141732278 ],
					"voice_ui[2]::position" : [ 0.815735294117647, 0.425539568345324 ],
					"voice_ui[2]::start_end" : [ 0.446247438991422, 0.460446228691801 ],
					"voice_ui[4]::sound" : [ "snd_oual.5" ],
					"voice_ui[4]::am" : [ 0.0 ],
					"voice_ui[4]::crush" : [ 0.0 ],
					"voice_ui[4]::drive" : [ 0.0 ],
					"voice_ui[4]::rand_pos" : [ 0.0 ],
					"voice_ui[4]::srr" : [ 44.094488188976335 ],
					"voice_ui[4]::transpose" : [ -5.1023622047244 ],
					"voice_ui[4]::position" : [ 0.113014705882353, 0.590647482014389 ],
					"voice_ui[4]::start_end" : [ 0.300202792391621, 0.306287987977498 ],
					"voice_ui[3]::sound" : [ "snd_oual.1" ],
					"voice_ui[3]::am" : [ 0.0 ],
					"voice_ui[3]::crush" : [ 0.0 ],
					"voice_ui[3]::drive" : [ 0.0 ],
					"voice_ui[3]::rand_pos" : [ 0.0 ],
					"voice_ui[3]::srr" : [ 0.0 ],
					"voice_ui[3]::transpose" : [ 0.0 ],
					"voice_ui[3]::position" : [ 0.5, 0.25 ],
					"voice_ui[3]::start_end" : [ 0.0, 0.2 ],
					"voice_ui[5]::sound" : [ "snd_oual.1" ],
					"voice_ui[5]::am" : [ 0.0 ],
					"voice_ui[5]::crush" : [ 0.0 ],
					"voice_ui[5]::drive" : [ 0.0 ],
					"voice_ui[5]::rand_pos" : [ 0.0 ],
					"voice_ui[5]::srr" : [ 0.0 ],
					"voice_ui[5]::transpose" : [ 0.0 ],
					"voice_ui[5]::position" : [ 0.9, 0.25 ],
					"voice_ui[5]::start_end" : [ 0.0, 0.2 ],
					"voice_ui[6]::sound" : [ "snd_oual.1" ],
					"voice_ui[6]::am" : [ 0.0 ],
					"voice_ui[6]::crush" : [ 0.0 ],
					"voice_ui[6]::drive" : [ 0.0 ],
					"voice_ui[6]::rand_pos" : [ 0.0 ],
					"voice_ui[6]::srr" : [ 0.0 ],
					"voice_ui[6]::transpose" : [ 0.0 ],
					"voice_ui[6]::position" : [ 0.1, 0.75 ],
					"voice_ui[6]::start_end" : [ 0.0, 0.2 ],
					"voice_ui[7]::sound" : [ "snd_oual.1" ],
					"voice_ui[7]::am" : [ 0.0 ],
					"voice_ui[7]::crush" : [ 0.0 ],
					"voice_ui[7]::drive" : [ 0.0 ],
					"voice_ui[7]::rand_pos" : [ 0.0 ],
					"voice_ui[7]::srr" : [ 0.0 ],
					"voice_ui[7]::transpose" : [ 0.0 ],
					"voice_ui[7]::position" : [ 0.3, 0.75 ],
					"voice_ui[7]::start_end" : [ 0.0, 0.2 ],
					"voice_ui[8]::sound" : [ "snd_oual.4" ],
					"voice_ui[8]::am" : [ 5.958211916423845 ],
					"voice_ui[8]::crush" : [ 0.006200012400025 ],
					"voice_ui[8]::drive" : [ 0.0 ],
					"voice_ui[8]::rand_pos" : [ 0.0 ],
					"voice_ui[8]::srr" : [ 47.244094488188949 ],
					"voice_ui[8]::transpose" : [ -2.456692913385822 ],
					"voice_ui[8]::position" : [ 0.736102941176471, 0.156834532374101 ],
					"voice_ui[8]::start_end" : [ 0.235294086936844, 0.243407681051346 ],
					"voice_ui[9]::sound" : [ "snd_oual.1" ],
					"voice_ui[9]::am" : [ 0.0 ],
					"voice_ui[9]::crush" : [ 0.0 ],
					"voice_ui[9]::drive" : [ 0.0 ],
					"voice_ui[9]::rand_pos" : [ 0.0 ],
					"voice_ui[9]::srr" : [ 0.0 ],
					"voice_ui[9]::transpose" : [ 0.0 ],
					"voice_ui[9]::position" : [ 0.7, 0.75 ],
					"voice_ui[9]::start_end" : [ 0.0, 0.2 ],
					"voice_ui[10]::sound" : [ "snd_oual.1" ],
					"voice_ui[10]::am" : [ 0.0 ],
					"voice_ui[10]::crush" : [ 0.0 ],
					"voice_ui[10]::drive" : [ 0.0 ],
					"voice_ui[10]::rand_pos" : [ 0.0 ],
					"voice_ui[10]::srr" : [ 0.0 ],
					"voice_ui[10]::transpose" : [ 0.0 ],
					"voice_ui[10]::position" : [ 0.9, 0.75 ],
					"voice_ui[10]::start_end" : [ 0.0, 0.2 ]
				}

			}
,
			"8" : 			{
				"id" : 8,
				"data" : 				{
					"state[10]" : [ 0.0 ],
					"state[1]" : [ 0.0 ],
					"state[2]" : [ 0.0 ],
					"state[3]" : [ 1.0 ],
					"state[4]" : [ 0.0 ],
					"state[5]" : [ 0.0 ],
					"state[6]" : [ 0.0 ],
					"state[7]" : [ 0.0 ],
					"state[8]" : [ 0.0 ],
					"state[9]" : [ 0.0 ],
					"soundfiles::sound_folder" : [ "local" ],
					"voice_ui[1]::sound" : [ "snd_oual.2" ],
					"voice_ui[1]::am" : [ 0.0 ],
					"voice_ui[1]::crush" : [ 0.0 ],
					"voice_ui[1]::drive" : [ 0.0 ],
					"voice_ui[1]::rand_pos" : [ 0.0 ],
					"voice_ui[1]::srr" : [ 0.0 ],
					"voice_ui[1]::transpose" : [ 0.0 ],
					"voice_ui[1]::position" : [ 0.125588235294118, 0.63273381294964 ],
					"voice_ui[1]::start_end" : [ 0.49624906477127, 2.558785805899957 ],
					"voice_ui[2]::sound" : [ "snd_oual.1" ],
					"voice_ui[2]::am" : [ 0.0 ],
					"voice_ui[2]::crush" : [ 0.0 ],
					"voice_ui[2]::drive" : [ 0.0 ],
					"voice_ui[2]::rand_pos" : [ 0.0 ],
					"voice_ui[2]::srr" : [ 0.0 ],
					"voice_ui[2]::transpose" : [ 0.0 ],
					"voice_ui[2]::position" : [ 0.530735294117647, 0.490287769784173 ],
					"voice_ui[2]::start_end" : [ 0.0, 1.0 ],
					"voice_ui[4]::sound" : [ "snd_oual.1" ],
					"voice_ui[4]::am" : [ 0.0 ],
					"voice_ui[4]::crush" : [ 0.0 ],
					"voice_ui[4]::drive" : [ 0.0 ],
					"voice_ui[4]::rand_pos" : [ 0.0 ],
					"voice_ui[4]::srr" : [ 0.0 ],
					"voice_ui[4]::transpose" : [ 0.0 ],
					"voice_ui[4]::position" : [ 0.7, 0.25 ],
					"voice_ui[4]::start_end" : [ 0.0, 1.0 ],
					"voice_ui[3]::sound" : [ "snd_oual.1" ],
					"voice_ui[3]::am" : [ 0.0 ],
					"voice_ui[3]::crush" : [ 0.0 ],
					"voice_ui[3]::drive" : [ 0.0 ],
					"voice_ui[3]::rand_pos" : [ 0.0 ],
					"voice_ui[3]::srr" : [ 0.0 ],
					"voice_ui[3]::transpose" : [ 0.0 ],
					"voice_ui[3]::position" : [ 0.502794117647059, 0.134172661870504 ],
					"voice_ui[3]::start_end" : [ 0.0, 1.0 ],
					"voice_ui[5]::sound" : [ "snd_oual.1" ],
					"voice_ui[5]::am" : [ 0.0 ],
					"voice_ui[5]::crush" : [ 0.0 ],
					"voice_ui[5]::drive" : [ 0.0 ],
					"voice_ui[5]::rand_pos" : [ 0.0 ],
					"voice_ui[5]::srr" : [ 0.0 ],
					"voice_ui[5]::transpose" : [ 0.0 ],
					"voice_ui[5]::position" : [ 0.9, 0.25 ],
					"voice_ui[5]::start_end" : [ 0.0, 1.0 ],
					"voice_ui[6]::sound" : [ "snd_oual.1" ],
					"voice_ui[6]::am" : [ 0.0 ],
					"voice_ui[6]::crush" : [ 0.0 ],
					"voice_ui[6]::drive" : [ 0.0 ],
					"voice_ui[6]::rand_pos" : [ 0.0 ],
					"voice_ui[6]::srr" : [ 0.0 ],
					"voice_ui[6]::transpose" : [ 0.0 ],
					"voice_ui[6]::position" : [ 0.1, 0.75 ],
					"voice_ui[6]::start_end" : [ 0.0, 1.0 ],
					"voice_ui[7]::sound" : [ "snd_oual.1" ],
					"voice_ui[7]::am" : [ 0.0 ],
					"voice_ui[7]::crush" : [ 0.0 ],
					"voice_ui[7]::drive" : [ 0.0 ],
					"voice_ui[7]::rand_pos" : [ 0.0 ],
					"voice_ui[7]::srr" : [ 0.0 ],
					"voice_ui[7]::transpose" : [ 0.0 ],
					"voice_ui[7]::position" : [ 0.3, 0.75 ],
					"voice_ui[7]::start_end" : [ 0.0, 1.0 ],
					"voice_ui[8]::sound" : [ "snd_oual.1" ],
					"voice_ui[8]::am" : [ 0.0 ],
					"voice_ui[8]::crush" : [ 0.0 ],
					"voice_ui[8]::drive" : [ 0.0 ],
					"voice_ui[8]::rand_pos" : [ 0.0 ],
					"voice_ui[8]::srr" : [ 0.0 ],
					"voice_ui[8]::transpose" : [ 0.0 ],
					"voice_ui[8]::position" : [ 0.5, 0.75 ],
					"voice_ui[8]::start_end" : [ 0.0, 1.0 ],
					"voice_ui[9]::sound" : [ "snd_oual.1" ],
					"voice_ui[9]::am" : [ 0.0 ],
					"voice_ui[9]::crush" : [ 0.0 ],
					"voice_ui[9]::drive" : [ 0.0 ],
					"voice_ui[9]::rand_pos" : [ 0.0 ],
					"voice_ui[9]::srr" : [ 0.0 ],
					"voice_ui[9]::transpose" : [ 0.0 ],
					"voice_ui[9]::position" : [ 0.7, 0.75 ],
					"voice_ui[9]::start_end" : [ 0.0, 1.0 ],
					"voice_ui[10]::sound" : [ "snd_oual.1" ],
					"voice_ui[10]::am" : [ 0.0 ],
					"voice_ui[10]::crush" : [ 0.0 ],
					"voice_ui[10]::drive" : [ 0.0 ],
					"voice_ui[10]::rand_pos" : [ 0.0 ],
					"voice_ui[10]::srr" : [ 0.0 ],
					"voice_ui[10]::transpose" : [ 0.0 ],
					"voice_ui[10]::position" : [ 0.9, 0.75 ],
					"voice_ui[10]::start_end" : [ 0.0, 1.0 ]
				}

			}
,
			"9" : 			{
				"id" : 9,
				"data" : 				{
					"state[10]" : [ 0.0 ],
					"state[1]" : [ 1.0 ],
					"state[2]" : [ 0.0 ],
					"state[3]" : [ 0.0 ],
					"state[4]" : [ 0.0 ],
					"state[5]" : [ 0.0 ],
					"state[6]" : [ 0.0 ],
					"state[7]" : [ 0.0 ],
					"state[8]" : [ 1.0 ],
					"state[9]" : [ 0.0 ],
					"soundfiles::sound_folder" : [ "local" ],
					"voice_ui[1]::sound" : [ "snd_oual.2" ],
					"voice_ui[1]::am" : [ 3.279806559613117 ],
					"voice_ui[1]::crush" : [ 0.0 ],
					"voice_ui[1]::drive" : [ 0.0 ],
					"voice_ui[1]::rand_pos" : [ 97.63779527559042 ],
					"voice_ui[1]::srr" : [ 0.0 ],
					"voice_ui[1]::transpose" : [ -5.952755905511819 ],
					"voice_ui[1]::position" : [ 0.100441176470588, 0.467625899280576 ],
					"voice_ui[1]::start_end" : [ 0.212981642796067, 0.219066892234929 ],
					"voice_ui[2]::sound" : [ "snd_oual.1" ],
					"voice_ui[2]::am" : [ 0.0 ],
					"voice_ui[2]::crush" : [ 0.0 ],
					"voice_ui[2]::drive" : [ 0.0 ],
					"voice_ui[2]::rand_pos" : [ 0.0 ],
					"voice_ui[2]::srr" : [ 0.0 ],
					"voice_ui[2]::transpose" : [ 0.0 ],
					"voice_ui[2]::position" : [ 0.3, 0.25 ],
					"voice_ui[2]::start_end" : [ 0.0 ],
					"voice_ui[4]::sound" : [ "snd_oual.1" ],
					"voice_ui[4]::am" : [ 0.0 ],
					"voice_ui[4]::crush" : [ 0.0 ],
					"voice_ui[4]::drive" : [ 0.0 ],
					"voice_ui[4]::rand_pos" : [ 0.0 ],
					"voice_ui[4]::srr" : [ 0.0 ],
					"voice_ui[4]::transpose" : [ 0.0 ],
					"voice_ui[4]::position" : [ 0.7, 0.25 ],
					"voice_ui[4]::start_end" : [ 0.0, 0.2 ],
					"voice_ui[3]::sound" : [ "snd_oual.1" ],
					"voice_ui[3]::am" : [ 0.0 ],
					"voice_ui[3]::crush" : [ 0.0 ],
					"voice_ui[3]::drive" : [ 0.0 ],
					"voice_ui[3]::rand_pos" : [ 0.0 ],
					"voice_ui[3]::srr" : [ 0.0 ],
					"voice_ui[3]::transpose" : [ 0.0 ],
					"voice_ui[3]::position" : [ 0.5, 0.25 ],
					"voice_ui[3]::start_end" : [ 0.0, 0.2 ],
					"voice_ui[5]::sound" : [ "snd_oual.1" ],
					"voice_ui[5]::am" : [ 0.0 ],
					"voice_ui[5]::crush" : [ 0.0 ],
					"voice_ui[5]::drive" : [ 0.0 ],
					"voice_ui[5]::rand_pos" : [ 0.0 ],
					"voice_ui[5]::srr" : [ 0.0 ],
					"voice_ui[5]::transpose" : [ 0.0 ],
					"voice_ui[5]::position" : [ 0.9, 0.25 ],
					"voice_ui[5]::start_end" : [ 0.0 ],
					"voice_ui[6]::sound" : [ "snd_oual.1" ],
					"voice_ui[6]::am" : [ 0.0 ],
					"voice_ui[6]::crush" : [ 0.0 ],
					"voice_ui[6]::drive" : [ 0.0 ],
					"voice_ui[6]::rand_pos" : [ 0.0 ],
					"voice_ui[6]::srr" : [ 0.0 ],
					"voice_ui[6]::transpose" : [ 0.0 ],
					"voice_ui[6]::position" : [ 0.1, 0.75 ],
					"voice_ui[6]::start_end" : [ 0.0 ],
					"voice_ui[7]::sound" : [ "snd_oual.1" ],
					"voice_ui[7]::am" : [ 0.0 ],
					"voice_ui[7]::crush" : [ 0.0 ],
					"voice_ui[7]::drive" : [ 0.0 ],
					"voice_ui[7]::rand_pos" : [ 0.0 ],
					"voice_ui[7]::srr" : [ 0.0 ],
					"voice_ui[7]::transpose" : [ 0.0 ],
					"voice_ui[7]::position" : [ 0.3, 0.75 ],
					"voice_ui[7]::start_end" : [ 0.0 ],
					"voice_ui[8]::sound" : [ "snd_oual.2" ],
					"voice_ui[8]::am" : [ 0.0 ],
					"voice_ui[8]::crush" : [ 0.0 ],
					"voice_ui[8]::drive" : [ 0.303800607601215 ],
					"voice_ui[8]::rand_pos" : [ 33.070866141732246 ],
					"voice_ui[8]::srr" : [ 3.149606299212598 ],
					"voice_ui[8]::transpose" : [ 5.1023622047244 ],
					"voice_ui[8]::position" : [ 0.786397058823529, 0.425539568345324 ],
					"voice_ui[8]::start_end" : [ 0.182555395601753, 0.194725894479478 ],
					"voice_ui[9]::sound" : [ "snd_oual.1" ],
					"voice_ui[9]::am" : [ 0.0 ],
					"voice_ui[9]::crush" : [ 0.0 ],
					"voice_ui[9]::drive" : [ 0.0 ],
					"voice_ui[9]::rand_pos" : [ 0.0 ],
					"voice_ui[9]::srr" : [ 0.0 ],
					"voice_ui[9]::transpose" : [ 0.0 ],
					"voice_ui[9]::position" : [ 0.7, 0.75 ],
					"voice_ui[9]::start_end" : [ 0.0, 0.2 ],
					"voice_ui[10]::sound" : [ "snd_oual.1" ],
					"voice_ui[10]::am" : [ 0.0 ],
					"voice_ui[10]::crush" : [ 0.0 ],
					"voice_ui[10]::drive" : [ 0.0 ],
					"voice_ui[10]::rand_pos" : [ 0.0 ],
					"voice_ui[10]::srr" : [ 0.0 ],
					"voice_ui[10]::transpose" : [ 0.0 ],
					"voice_ui[10]::position" : [ 0.9, 0.75 ],
					"voice_ui[10]::start_end" : [ 0.0, 0.2 ]
				}

			}
,
			"10" : 			{
				"id" : 10,
				"data" : 				{
					"state[10]" : [ 0.0 ],
					"state[1]" : [ 1.0 ],
					"state[2]" : [ 0.0 ],
					"state[3]" : [ 1.0 ],
					"state[4]" : [ 0.0 ],
					"state[5]" : [ 0.0 ],
					"state[6]" : [ 0.0 ],
					"state[7]" : [ 0.0 ],
					"state[8]" : [ 1.0 ],
					"state[9]" : [ 0.0 ],
					"soundfiles::sound_folder" : [ "local" ],
					"voice_ui[1]::sound" : [ "snd_oual.1" ],
					"voice_ui[1]::am" : [ 0.0 ],
					"voice_ui[1]::crush" : [ 0.0 ],
					"voice_ui[1]::drive" : [ 0.0 ],
					"voice_ui[1]::rand_pos" : [ 18.897637795275589 ],
					"voice_ui[1]::srr" : [ 0.0 ],
					"voice_ui[1]::transpose" : [ -6.614173228346448 ],
					"voice_ui[1]::position" : [ 0.220588235294118, 0.286330935251799 ],
					"voice_ui[1]::start_end" : [ 0.198782866609662, 0.225151724160966 ],
					"voice_ui[2]::sound" : [ "snd_oual.1" ],
					"voice_ui[2]::am" : [ 0.0 ],
					"voice_ui[2]::crush" : [ 0.0 ],
					"voice_ui[2]::drive" : [ 0.0 ],
					"voice_ui[2]::rand_pos" : [ 0.0 ],
					"voice_ui[2]::srr" : [ 0.0 ],
					"voice_ui[2]::transpose" : [ 0.0 ],
					"voice_ui[2]::position" : [ 0.209411764705882, 0.435251798561151 ],
					"voice_ui[2]::start_end" : [ 0.0 ],
					"voice_ui[4]::sound" : [ "snd_oual.1" ],
					"voice_ui[4]::am" : [ 0.0 ],
					"voice_ui[4]::crush" : [ 0.0 ],
					"voice_ui[4]::drive" : [ 0.0 ],
					"voice_ui[4]::rand_pos" : [ 0.0 ],
					"voice_ui[4]::srr" : [ 0.0 ],
					"voice_ui[4]::transpose" : [ 0.0 ],
					"voice_ui[4]::position" : [ 0.7, 0.25 ],
					"voice_ui[4]::start_end" : [ 0.0, 0.2 ],
					"voice_ui[3]::sound" : [ "snd_oual.1" ],
					"voice_ui[3]::am" : [ 0.0 ],
					"voice_ui[3]::crush" : [ 9.920019840039656 ],
					"voice_ui[3]::drive" : [ 0.0 ],
					"voice_ui[3]::rand_pos" : [ 94.488188976377856 ],
					"voice_ui[3]::srr" : [ 33.858267716535408 ],
					"voice_ui[3]::transpose" : [ 0.0 ],
					"voice_ui[3]::position" : [ 0.481838235294118, 0.571223021582734 ],
					"voice_ui[3]::start_end" : [ 0.202839670104538, 0.233265627061074 ],
					"voice_ui[5]::sound" : [ "snd_oual.1" ],
					"voice_ui[5]::am" : [ 0.0 ],
					"voice_ui[5]::crush" : [ 0.0 ],
					"voice_ui[5]::drive" : [ 0.0 ],
					"voice_ui[5]::rand_pos" : [ 0.0 ],
					"voice_ui[5]::srr" : [ 0.0 ],
					"voice_ui[5]::transpose" : [ 0.0 ],
					"voice_ui[5]::position" : [ 0.9, 0.25 ],
					"voice_ui[5]::start_end" : [ 0.0, 0.2 ],
					"voice_ui[6]::sound" : [ "snd_oual.1" ],
					"voice_ui[6]::am" : [ 0.0 ],
					"voice_ui[6]::crush" : [ 0.0 ],
					"voice_ui[6]::drive" : [ 0.0 ],
					"voice_ui[6]::rand_pos" : [ 0.0 ],
					"voice_ui[6]::srr" : [ 0.0 ],
					"voice_ui[6]::transpose" : [ 0.0 ],
					"voice_ui[6]::position" : [ 0.1, 0.75 ],
					"voice_ui[6]::start_end" : [ 0.0, 0.2 ],
					"voice_ui[7]::sound" : [ "snd_oual.1" ],
					"voice_ui[7]::am" : [ 0.0 ],
					"voice_ui[7]::crush" : [ 0.0 ],
					"voice_ui[7]::drive" : [ 0.0 ],
					"voice_ui[7]::rand_pos" : [ 0.0 ],
					"voice_ui[7]::srr" : [ 0.0 ],
					"voice_ui[7]::transpose" : [ 0.0 ],
					"voice_ui[7]::position" : [ 0.3, 0.75 ],
					"voice_ui[7]::start_end" : [ 0.0, 0.2 ],
					"voice_ui[8]::sound" : [ "snd_oual.3" ],
					"voice_ui[8]::am" : [ 0.0 ],
					"voice_ui[8]::crush" : [ 0.0 ],
					"voice_ui[8]::drive" : [ 0.0 ],
					"voice_ui[8]::rand_pos" : [ 83.464566929133738 ],
					"voice_ui[8]::srr" : [ 0.0 ],
					"voice_ui[8]::transpose" : [ -5.858267716535423 ],
					"voice_ui[8]::position" : [ 0.684411764705882, 0.376978417266187 ],
					"voice_ui[8]::start_end" : [ 0.090745340942818, 0.097629456041419 ],
					"voice_ui[9]::sound" : [ "snd_oual.1" ],
					"voice_ui[9]::am" : [ 0.0 ],
					"voice_ui[9]::crush" : [ 0.0 ],
					"voice_ui[9]::drive" : [ 0.0 ],
					"voice_ui[9]::rand_pos" : [ 0.0 ],
					"voice_ui[9]::srr" : [ 0.0 ],
					"voice_ui[9]::transpose" : [ 0.0 ],
					"voice_ui[9]::position" : [ 0.7, 0.75 ],
					"voice_ui[9]::start_end" : [ 0.0, 0.2 ],
					"voice_ui[10]::sound" : [ "snd_oual.1" ],
					"voice_ui[10]::am" : [ 0.0 ],
					"voice_ui[10]::crush" : [ 0.0 ],
					"voice_ui[10]::drive" : [ 0.0 ],
					"voice_ui[10]::rand_pos" : [ 0.0 ],
					"voice_ui[10]::srr" : [ 0.0 ],
					"voice_ui[10]::transpose" : [ 0.0 ],
					"voice_ui[10]::position" : [ 0.9, 0.75 ],
					"voice_ui[10]::start_end" : [ 0.0, 0.2 ]
				}

			}

		}

	}

}
